timestamp,temperature,humidity,pressure
2024-10-31 16:37:02.716034,25.780737999933525,55.17269207818779,982.4439346612212
2024-10-31 16:37:18.799733,27.89149745398975,76.39016873843624,982.5563053219971
2024-10-31 16:37:41.663925,20.649672830076025,63.63089367233348,1010.7828375240808
2024-10-31 16:37:42.714821,20.105792336261153,89.99297657947395,1019.6794137471551
2024-10-31 16:37:43.720635,20.60630286799239,71.67460792102904,1016.3873348733016
2024-10-31 16:37:44.726471,25.825770012639715,85.45553969203385,1015.1587533604759
2024-10-31 16:37:45.739421,27.635767915861702,92.11392847955634,1019.8400597287573
2024-10-31 16:37:46.756824,29.363919383440305,63.060894570149784,1000.3097542347081
2024-10-31 16:37:47.799378,25.53381377331789,40.187815423348546,996.3364970242386
2024-10-31 16:37:48.806781,27.184805108692267,52.534219481034015,993.9681895521794
2024-10-31 16:37:49.839851,24.633015844887236,56.423816815279245,985.6574825414341
2024-10-31 16:37:50.876873,25.3022486821542,79.66153613226348,999.4429124383739
2024-10-31 16:37:51.904374,21.576425471364484,85.89144060563062,1013.3064017121762
2024-10-31 16:37:52.970044,25.785638583434757,94.90895170353956,1014.2927353196131
2024-10-31 16:37:53.974791,21.093738197383242,94.38580597101719,993.0971198649487
2024-10-31 16:37:54.996104,21.770448732803356,48.731918651503136,1014.3918058599971
2024-10-31 16:37:56.016404,28.45038343144033,92.07803193914303,1000.0150952702859
2024-10-31 16:37:57.032557,27.383210315449965,67.47977653222344,1005.5024805480517
2024-10-31 16:37:58.075090,23.672687428838934,98.45751530323999,981.1866306089913
2024-10-31 16:37:59.099891,28.53692722560402,52.63951377002154,1018.5079503533996
2024-10-31 16:38:00.136518,20.699746043067815,73.24893429547939,985.9505230755374
2024-10-31 16:38:01.156031,27.587196544019015,68.19351896648122,1005.0689824965947
2024-10-31 16:38:02.180416,21.653360505883107,71.31139546602303,985.5594304338281
2024-10-31 16:38:03.215916,29.037972067761103,85.92121009589687,986.9749854999444
2024-10-31 16:38:04.262025,29.860614195413284,40.23723183863481,1010.6378758344545
2024-10-31 16:38:05.286818,28.272497379828735,53.796947498594406,987.1232051607876
2024-10-31 16:38:06.306439,29.86909908561993,60.23586061039646,1013.5687840829931
2024-10-31 16:38:07.338935,25.900449790840174,70.57237731700268,985.0417642618322
2024-10-31 16:38:08.366931,25.196846208760093,92.95400348125423,1006.6198861239025
2024-10-31 16:38:09.374909,21.261532110289476,46.25017742722955,983.0019793187355
2024-10-31 16:38:10.399747,27.66004545413239,63.17190797169083,991.8277620289523
2024-10-31 16:38:11.416598,26.64434112332318,41.36408419778609,980.88542194052
2024-10-31 16:38:12.479945,27.003711466628147,85.03750251450697,981.6605635309528
2024-10-31 16:38:13.507573,26.635715101956468,56.514440696753454,1019.2755512433612
2024-10-31 16:38:14.520091,21.01583247950907,69.17087923728154,993.1018944372438
2024-10-31 16:38:15.534810,24.715761522029077,99.31898323305332,1012.0673985339163
2024-10-31 16:38:16.556835,21.441684426525256,55.64227402525067,998.6790311045755
2024-10-31 16:38:17.614998,21.50880131426378,44.976479824583194,1010.6233669256512
2024-10-31 16:38:18.620912,23.885095636697628,90.20529426624512,1016.5717713082382
2024-10-31 16:38:19.626415,24.797846358574404,53.138414366701,997.0574526884336
2024-10-31 16:38:24.596883,28.37110062270433,64.01698901265745,987.9653762722078
2024-10-31 16:38:25.642168,24.356707937261053,89.0513537452671,990.2087534644817
2024-10-31 16:38:26.656949,24.505329721478525,52.18039179698475,1002.3615994416635
2024-10-31 16:42:11.107002,22.81325281420563,40.07899906122839,998.0434710976248
2024-10-31 16:42:12.213066,26.559922184988316,67.26434435986388,998.9308405193332
2024-10-31 16:42:13.241077,23.385799505717657,83.50186351661311,1001.3530459957371
2024-10-31 16:42:14.227688,20.78157093662078,48.69348856075632,1006.2849719995108
2024-10-31 16:42:15.251330,23.983482491283834,72.54572645444131,980.0085041075381
2024-10-31 16:42:16.273010,20.00747382718511,89.46574175983446,1016.1654904992176
2024-10-31 16:42:17.317724,21.397335333239266,53.903457563874866,1019.1156745972332
2024-10-31 16:42:18.336420,27.183579648939634,44.31265772933758,995.1961144961709
2024-10-31 16:42:19.352147,20.862925966823855,87.49306307270382,997.0059543074547
2024-10-31 16:42:20.380962,29.677250769890428,46.52420581431555,994.7296203017593
2024-10-31 16:42:21.422119,23.47940600516533,46.260128812962755,982.1757018314175
2024-10-31 16:42:22.430896,22.60172369284129,86.03417057931134,993.8761476309561
2024-10-31 16:42:23.461528,24.919126939064135,96.21234918127543,1007.2602211755075
2024-10-31 16:42:24.521138,28.689135183749134,66.18543306883863,995.2324437939357
2024-10-31 16:42:25.535156,27.159630104765284,86.35888138690751,989.4504989734413
2024-10-31 16:42:26.576140,25.39657258152303,45.02138734062265,996.6971281783898
2024-10-31 16:42:27.593235,23.244697722020994,71.22520270781881,1014.6964207884445
2024-10-31 16:42:28.597646,24.636118558419327,50.56640994465751,1012.9895857168848
2024-10-31 16:42:29.644561,22.701525436156942,67.46941266169408,1011.4475702847761
2024-10-31 16:42:30.670158,25.36109918476634,88.10357990430157,988.6991311995281
2024-10-31 16:42:31.719416,25.944459130185457,98.55740805231133,1000.1133470136505
2024-10-31 16:42:32.745945,20.415170105050276,88.66065396268607,1003.0375293148556
2024-10-31 16:42:33.742172,22.966110403036218,65.95236552418307,1014.5524977896544
2024-10-31 16:42:34.762011,24.775559540056374,93.7457068434684,989.312335143647
2024-10-31 16:42:35.760244,20.867373757320816,97.34311228364525,987.1580208456578
2024-10-31 16:42:36.815022,23.08219819115942,83.1217015266981,999.0249531174497
2024-10-31 16:42:39.039988,21.720811298435116,72.6888496567348,1005.3954078970887
2024-10-31 16:42:55.136959,21.957264081202506,47.33498045110356,985.9158120047052
2024-10-31 16:43:11.186836,29.990662612744394,82.96988025823572,982.8914240045358
2024-10-31 16:43:27.266463,21.629957835613705,74.2639408113509,991.9422122669826
2024-10-31 16:43:43.401457,28.640708453018483,42.909007777546165,1004.3726155241845
2024-10-31 16:43:59.465651,24.80626076228093,97.68037341263494,1001.0136672644214
2024-10-31 16:44:15.526026,20.085940759895227,61.814024168264794,1017.6534915075069
2024-10-31 16:44:31.691784,27.608028544913097,72.9945245286291,985.9147805396908
2024-10-31 16:44:47.761096,20.536707552164486,44.731057909627935,1010.5670768445256
2024-10-31 16:45:30.222625,23.78482211676092,87.26860443553633,1005.9054999993472
2024-10-31 16:45:46.362068,25.271753311096866,83.0360139825361,1017.3699798474006
2024-10-31 16:46:02.400201,20.318707724275736,88.68217897484638,981.500509807055
2024-10-31 16:46:18.491604,24.941126564195642,86.95169572594773,1013.4590049404169
2024-10-31 16:46:34.583862,23.47773679967567,41.89083611729123,999.608810796423
2024-10-31 16:46:50.620598,26.987300960459805,93.5440029143628,1006.271354954106
2024-10-31 16:47:06.670050,22.113036393519707,56.559460764066785,988.1713532538718
2024-10-31 16:47:22.776041,23.37944348783727,49.412943111509406,1011.3454889335106
2024-10-31 16:47:38.808104,28.51365987894752,60.552111775836195,1006.9665220408208
2024-10-31 16:47:54.930849,27.11524961049077,55.72520601039446,983.6485927324035
2024-10-31 16:48:11.030120,23.026650404777612,95.34015216958537,994.3040797262228
2024-10-31 16:48:27.150528,25.49587302727383,42.03757306716077,1010.0087613295161
2024-10-31 16:48:43.551193,27.760514035455387,70.43778033294042,1007.9619409918006
2024-10-31 16:48:59.685873,29.605399540024308,40.75696115657307,983.8915207464926
2024-10-31 16:49:15.810096,25.57209934875094,72.7014472343854,1018.6892584071176
2024-10-31 16:49:31.866063,22.435536956999766,61.395408971102384,1013.6284428534645
2024-10-31 16:49:47.946296,27.601797571349273,50.65339940486349,998.4066091384503
2024-10-31 16:50:04.041111,21.70792715400044,63.23060460947058,1000.0414519656459
2024-10-31 16:50:20.153091,22.346408524149492,72.73594309700428,987.4779300849763
2024-10-31 16:50:36.251735,23.429553994928117,87.64308257015678,984.9834770675394
2024-10-31 16:50:52.408279,20.26792850858595,94.85051490901103,1014.7940839364708
2024-10-31 16:51:08.504800,25.246063564637147,84.54673844105172,985.6036762881115
2024-10-31 16:51:24.576261,28.202040028543067,89.25682783518324,1003.2431923040067
2024-10-31 16:51:40.664772,22.65925471654928,86.72318317391216,985.9664058335394
2024-10-31 16:51:56.987164,20.70926400506344,63.72835371113173,993.7802540454567
2024-10-31 16:52:13.121494,25.1458564486048,59.78580865382281,992.3342122090519
2024-10-31 16:52:29.154060,22.173392162689943,45.0064944626706,1012.5434640777436
2024-10-31 16:52:45.264780,23.76745880069721,66.11997333773098,1006.7640128853548
2024-10-31 16:53:01.394143,22.71702496106404,82.37216177717164,1006.0894634662601
2024-10-31 16:53:17.468122,24.14266549804071,50.092863906615875,1008.1378798370764
2024-10-31 16:53:33.625739,28.812211031613007,53.53471889667272,1008.344607444992
2024-10-31 16:53:49.680756,20.505990852313563,92.11191620431362,984.993653212668
2024-10-31 16:54:05.732086,28.914088515404387,67.56921716467238,983.4647669439137
2024-10-31 16:54:21.895903,29.353016088565724,91.94535555592628,1010.243709930939
2024-10-31 16:54:38.021777,28.854856130816977,93.85354156388937,1002.5302930060229
2024-10-31 16:54:54.112660,24.616843240217776,46.31113980411691,1019.2038268429221
2024-10-31 16:55:10.469346,21.910571818919266,42.42379368812227,996.8466962947683
2024-10-31 16:55:26.548548,29.73301490695235,72.62165438375828,981.3499964244992
2024-10-31 16:55:42.606272,27.003821968752458,56.879873939645535,995.1047733739937
2024-10-31 16:55:58.728036,25.900856427896183,80.9585060695633,993.1415199408963
2024-10-31 16:56:14.852317,22.05196707900779,57.49510587945532,1002.0131381385909
2024-10-31 16:56:30.960225,22.190186897303136,87.17756395041425,986.4198337049663
2024-10-31 16:56:47.066861,29.31774989261995,69.68635517365752,1008.4382167281284
2024-10-31 16:57:03.157304,23.14062024172128,79.87432472650606,999.733475125909
2024-10-31 16:57:19.204067,23.958754428973023,54.83985953865992,989.3155549696329
2024-10-31 16:57:35.312620,23.487691068211483,93.26909880894624,988.2211457458261
2024-10-31 16:57:51.531083,25.03907208730063,45.2586639274289,981.0271935973192
2024-10-31 16:58:07.573526,27.794487434887728,75.41656274905307,1001.3891167271952
2024-10-31 16:58:23.833273,28.053710709519457,97.82811255410435,1001.0926866859752
2024-10-31 16:58:39.961415,21.148727422657963,72.22319670680176,987.7487830556796
2024-10-31 16:58:56.028695,21.65616367891224,71.94850640986414,1016.2837992847436
2024-10-31 16:59:12.129008,22.59739829297188,89.38881950629238,985.0994152378985
2024-10-31 16:59:28.272380,29.484466560162918,90.49835548871553,999.3028383889792
2024-10-31 16:59:44.405490,29.870248729799535,72.45392117543895,994.9375595397379
2024-10-31 17:00:00.490288,29.985900757743067,47.27073116807918,981.6694794103366
2024-10-31 17:00:16.557383,26.404346913497147,73.92211785180996,1011.9702233603415
2024-10-31 17:00:32.625686,23.76198421387503,45.01050529793994,1000.5748587617325
2024-10-31 17:00:48.833560,22.9054046488936,82.97743246570575,1019.4567273056362
2024-10-31 17:01:04.892973,29.375008920179013,93.18527254924012,982.2968637186091
2024-10-31 17:01:20.949096,26.258237407349334,92.23996059834798,986.706199693208
2024-10-31 17:01:37.641316,23.75769480370895,40.1285853050364,1008.4642761526737
2024-10-31 17:01:53.712800,21.940866726805368,52.34449020816153,1006.8736750309382
2024-10-31 17:02:09.838374,22.08007140452346,62.6768971177504,1000.2060887996499
2024-10-31 17:02:25.912387,28.12636636455631,99.46209345780191,1012.1595847990018
2024-10-31 17:02:41.988140,27.30430980113004,68.07554264613401,1003.3980509970712
2024-10-31 17:02:58.262385,24.04166989046599,42.00904800317374,1019.5749004923581
2024-10-31 17:03:14.375375,22.82476093057784,59.10606744413517,993.8774703604004
2024-10-31 17:03:30.411422,27.423976715719146,63.050253464219374,1007.53643210278
2024-10-31 17:03:46.466055,22.186958345779637,99.88961567625424,1000.3723587125515
2024-10-31 17:04:02.722808,25.60621046732433,89.35435671725713,985.6481705355807
2024-10-31 17:04:18.788333,25.164636933685628,48.83766077613228,984.313278930041
2024-10-31 17:04:34.838038,28.770780102550038,60.15727881285103,984.716219289806
2024-10-31 17:04:51.156474,20.376360204303303,52.98982515452715,1017.1921775135321
2024-10-31 17:05:07.234936,24.90624487381028,42.17222245699475,1001.7586789818049
2024-10-31 17:05:23.280607,25.18123814829013,84.41880239222021,990.3011760001749
2024-10-31 17:05:39.375985,27.634748711146823,97.48673789634304,995.4707390381776
2024-10-31 17:05:55.492097,20.85706142723042,56.64181150078402,1019.2745876308496
2024-10-31 17:06:11.580446,25.626936086969017,73.65571733603836,995.3570443159688
2024-10-31 17:06:27.706752,25.880684933301353,43.63944723076196,990.3291928343307
2024-10-31 17:06:43.852093,21.002446710721703,77.077253533016,1011.9235731315099
2024-10-31 17:06:59.943433,26.938129853239612,92.65859291509865,1008.9744173129461
2024-10-31 17:07:16.094017,24.940441101614645,58.57103115456237,982.9792600950475
2024-10-31 17:07:32.209236,28.012766519426506,70.36404193936406,999.3532591586221
2024-10-31 17:07:48.261110,27.732442898067,96.545151711303,986.0057473274614
2024-10-31 17:08:04.556724,29.9540673058383,65.07534384034662,1017.6199788310737
2024-10-31 17:08:20.713485,29.413415871474587,59.94870671664849,1013.42241422209
2024-10-31 17:08:36.804415,28.896789825157605,49.091529044199035,1018.9113458048976
2024-10-31 17:08:52.905555,22.147317323092267,58.223387093185025,996.6788958014592
2024-10-31 17:09:09.009905,29.161913102211695,78.20152784066416,1014.2482239892231
2024-10-31 17:09:25.150218,26.438641472109495,58.724027629804255,980.376364938309
2024-10-31 17:09:41.201549,29.324684832572355,51.67050018578363,995.8258510996717
2024-10-31 17:09:57.265058,21.898467535513852,54.44801188710011,983.4267090185765
2024-10-31 17:10:13.367544,29.57839151733215,81.33495006524248,980.7004158700067
2024-10-31 17:10:29.514184,28.57828808875228,49.69814724178909,1004.064356553476
2024-10-31 17:10:45.608538,29.33848369049905,44.611886827748165,1015.0282895287095
2024-10-31 17:11:01.724459,23.779461374506045,82.14767723117669,984.3872181210903
2024-10-31 17:11:18.138975,20.208266673889895,66.02420543653828,988.8897622952114
2024-10-31 17:11:34.251580,24.245890156855587,82.29578648390242,1009.24887597251
2024-10-31 17:11:50.390580,26.417531411099105,52.75171012874949,1012.5744810420094
2024-10-31 17:12:06.491473,21.713051145150697,58.78484987978914,987.6727368534017
2024-10-31 17:12:22.543416,29.99408441372875,73.12837800397143,1004.4873688754357
2024-10-31 17:12:38.724800,28.660771934882593,66.92252337453141,1012.0676445202231
2024-10-31 17:12:54.884552,28.558567149882244,87.87595698386475,980.9857437186473
2024-10-31 17:13:10.956812,23.03801810560866,42.66358137111428,982.2082385016811
2024-10-31 17:13:27.095970,20.46702404938018,91.62877448441742,982.2628738070117
2024-10-31 17:13:43.213955,24.67627640330465,44.12859999342929,984.9095190668139
2024-10-31 17:13:59.295105,21.781795412741083,51.38549490961874,1005.2854593073492
2024-10-31 17:14:15.442844,27.567395061412604,59.581106831781696,1004.6777651191954
2024-10-31 17:14:31.923937,27.8841326980152,98.06280239385283,1002.4713028513704
2024-10-31 17:14:48.001288,26.88911063667245,79.14253539363419,997.8545039494335
2024-10-31 17:15:04.090476,26.477364892471893,95.53715171596248,1016.2785187254284
2024-10-31 17:15:20.205206,22.53615498286684,60.23296736950498,1007.5232751333659
2024-10-31 17:15:36.315863,22.60209652173968,86.61072908657648,988.6787512173403
2024-10-31 17:15:52.450751,24.727025161903516,83.21475552922183,1009.5380657325413
2024-10-31 17:16:08.542632,21.271154726014117,41.492146342693864,999.5874018830781
2024-10-31 17:16:24.656641,27.36647388935484,65.36114229430831,980.4079453329301
2024-10-31 17:16:40.770117,27.133660588417474,52.61053453244059,990.997457809772
2024-10-31 17:16:56.858524,21.695311411898313,54.67658314159241,986.896665855801
2024-10-31 17:17:12.971841,28.522843916772267,61.05898765627555,980.2085260618019
2024-10-31 17:17:29.104639,26.249626871213707,61.966218176712744,1007.2694941542217
2024-10-31 17:17:45.419115,29.159481640596226,63.6757825156067,993.3315459651287
2024-10-31 17:18:01.551984,27.27586275768993,51.38503755029912,1019.1634396987583
2024-10-31 17:18:17.679420,21.282141805304033,76.00466222480676,1015.140517937127
2024-10-31 17:18:33.741623,20.50284892116178,59.86589219566299,989.811028781861
2024-10-31 17:18:49.894692,23.722416113743616,76.41464343533352,984.61997356015
2024-10-31 17:19:05.978511,20.174985944603588,44.34443874137774,983.8284522987291
2024-10-31 17:19:22.083570,28.083045987115334,59.28201047435519,1016.7158325857259
2024-10-31 17:19:38.215780,20.956002409005848,96.59087884184643,984.7968261505542
2024-10-31 17:19:54.341177,27.45579148105779,84.99603787869316,1000.212255364986
2024-10-31 17:20:10.452784,21.720187039492945,63.7335062129751,984.615928545833
2024-10-31 17:20:26.602921,25.288584049310465,56.956920358671006,1013.2914228721946
2024-10-31 17:20:42.778721,28.39376871123479,56.30135770765849,1001.7780489094075
2024-10-31 17:20:59.037178,25.36228953770158,46.84991502335334,980.3803731587693
2024-10-31 17:21:15.136825,29.1032617305464,90.23052576629071,1018.1877553029644
2024-10-31 17:21:31.259521,28.81469979490501,94.08958367739126,1006.1901836500599
2024-10-31 17:21:47.337728,24.404180034785355,99.04482418827814,1015.8625842809986
2024-10-31 17:22:03.423777,28.205827718093314,99.32668213965897,1015.0071066576116
2024-10-31 17:22:19.553703,29.180848742234616,56.85251355460622,1012.1803275384392
2024-10-31 17:22:35.637625,20.163131885599128,99.90876574411712,981.5550599262438
2024-10-31 17:22:51.754921,24.063477457357365,69.4724411672998,987.0382564902935
2024-10-31 17:23:07.856898,24.064926548298114,86.58285608646632,987.0732674186211
2024-10-31 17:23:23.961881,21.529915823761232,41.99884135102548,1013.7552124868847
2024-10-31 17:23:40.116675,26.959611564011436,54.190315500543825,1003.8780744582793
2024-10-31 17:23:56.251892,26.668298495187347,81.62186199051263,1014.4686436883013
2024-10-31 17:24:12.483418,23.601669384291498,53.95673050904199,985.2088825721277
2024-10-31 17:24:28.576329,27.70709806309621,40.894990334182864,993.5927145614356
2024-10-31 17:24:44.682359,25.858749323082566,58.46711950846102,1012.8683060145461
2024-10-31 17:25:00.747542,27.848272368197275,76.74622267077424,1012.9176075542218
2024-10-31 17:25:16.865868,26.2487649126557,86.00267955678933,985.9023768473543
2024-10-31 17:25:32.977839,25.955618643678967,50.12726339496372,1004.6005964350162
2024-10-31 17:25:49.028850,23.110169779671963,67.11529263592354,1006.9587785578735
2024-10-31 17:26:05.134927,27.802067287041922,70.03987147257092,983.9820466494361
2024-10-31 17:26:21.207027,22.813420893668653,47.248880754552026,1003.2873024047263
2024-10-31 17:26:37.286178,20.607563309574793,91.97890212334791,1003.4682471384565
2024-10-31 17:26:53.385042,22.059224863719894,84.68313451734178,990.5405466274981
2024-10-31 17:27:09.517931,29.899126421134405,67.53594739746377,989.0966204524366
2024-10-31 17:27:25.870221,21.380487058868212,56.55544221442724,982.2708742096594
2024-10-31 17:27:41.973372,23.30740774279654,52.26164067929954,1006.054798574067
2024-10-31 17:27:58.047958,25.78884898936812,40.768460427318914,996.94349059628
2024-10-31 17:28:14.127320,28.109800282487395,87.0965699093401,1002.9770466659603
2024-10-31 17:28:30.247749,26.34675365777455,47.404230377214446,993.8998522574195
2024-10-31 17:28:46.331829,28.104689318699293,42.300015207345986,1019.8173855831647
2024-10-31 17:29:02.415866,20.39710422225638,85.58622043151337,1002.7346035763499
2024-10-31 17:29:18.549021,20.404031819078238,65.14316379793289,980.8472385752544
2024-10-31 17:29:34.598575,25.430725081568475,95.02881301656414,1002.7551021430543
2024-10-31 17:29:50.781052,27.40811285457199,44.1717388424527,1002.8497878540837
2024-10-31 17:30:06.910939,27.309283695520016,93.9700306457219,1003.3653302065479
2024-10-31 17:30:22.982955,29.48067099410988,86.49325865675775,982.3583598051833
2024-10-31 17:30:39.405919,24.82706625504398,90.01938874860662,1018.4708435717785
2024-10-31 17:30:55.587109,21.949944555279128,99.91495600277868,1004.7025431325587
2024-10-31 17:31:11.642596,26.183304240461485,74.6342953926703,1010.7367579919022
2024-10-31 17:31:27.738742,26.511351492327403,85.59938530435844,996.5050170261247
2024-10-31 17:31:43.847605,29.51274108214102,83.33086601253356,980.3875495935648
2024-10-31 17:31:59.978914,29.946686271824483,75.69308296147463,984.8070169980914
2024-10-31 17:32:16.045882,21.51849494262358,93.08474218840448,1011.3550176401748
2024-10-31 17:32:32.136310,22.775585806009786,57.807237493630645,984.5634152684585
2024-10-31 17:32:48.243423,23.528153481463235,55.62619848730934,1009.8172519039955
2024-10-31 17:33:04.356033,29.981315787571496,84.97862072856904,996.0419707601528
2024-10-31 17:33:20.430945,27.647236706182493,80.42651042469245,994.9863332059248
2024-10-31 17:33:36.519788,22.078684684431074,93.36151420983089,986.6110850549981
2024-10-31 17:33:52.826125,26.872703807894258,73.56322470615778,1016.4100968510231
2024-10-31 17:34:08.936227,27.13918307114138,68.9435316633717,1004.6933511995835
2024-10-31 17:34:25.050656,22.212421255813705,55.35627499581622,990.011310795644
2024-10-31 17:34:41.179977,26.759368736698352,58.76719813546397,986.5261916913012
2024-10-31 17:34:57.260468,26.934102664223403,80.72940657749987,1000.9881698947595
2024-10-31 17:35:13.402980,23.861310394198263,43.19410927523677,999.4418508046743
2024-10-31 17:35:29.469416,27.794089464443516,92.25089092584803,983.2962191364563
2024-10-31 17:35:45.523975,27.824335223937574,57.812207931046125,1003.3739032414073
2024-10-31 17:36:01.649903,20.325311539514203,85.99299627687164,1003.4704749786713
2024-10-31 17:36:17.727407,21.297433228403957,55.975292217606196,1008.2821056430837
2024-10-31 17:36:33.820238,24.116810300411665,96.10127736325278,980.9957356276728
2024-10-31 17:36:49.874856,22.100351963706498,93.7988493268358,1001.4366642851608
2024-10-31 17:37:06.214182,22.419448168407772,59.17826915034604,1002.1014000422969
2024-10-31 17:37:22.369030,20.448695867078946,95.83805937281755,997.6110896755301
2024-10-31 17:37:38.434988,22.838851018250928,59.167245710289876,1017.2032071931658
2024-10-31 17:37:54.763846,29.009309940361277,94.2390280889632,989.6763148581073
2024-10-31 17:38:11.669019,20.642984963168015,62.161881144585536,982.0239668773348
2024-10-31 17:38:27.747055,29.382025843974915,95.24674964018524,986.8209725849531
2024-10-31 17:38:43.856418,29.46371745773888,85.67488250461915,1016.8859398553695
2024-10-31 17:38:59.931201,21.96789484284928,68.36589065845828,1013.9352808059622
2024-10-31 17:39:16.229146,20.970832328376783,84.23466068251092,980.6720442977809
2024-10-31 17:39:32.427139,23.89111379101356,83.87530475691692,1014.0173156178672
2024-10-31 17:39:48.506145,23.394079345422696,81.22827123291384,992.4576608198382
2024-10-31 17:40:04.610687,29.500013360073552,61.823958547711506,982.4070755401206
2024-10-31 17:40:20.895363,20.685580955858896,55.952208422073724,984.6413264268689
2024-10-31 17:40:37.031219,20.814831696404728,75.15083781822966,981.4019501137544
2024-10-31 17:40:53.139010,29.71489067400173,98.80495918737472,1009.002400306388
2024-10-31 17:41:09.205715,21.920048349033117,64.45583842966147,983.2515806430379
2024-10-31 17:41:25.301369,26.628566296797096,44.67997004213704,1014.0657686435505
2024-10-31 17:41:41.450724,26.151053195563456,41.28154128286935,1019.119079686568
2024-10-31 17:41:57.552848,26.609320352385716,98.1319986712584,1013.4275986455099
2024-10-31 17:42:13.675918,25.459676556001078,80.0699110747401,991.8624454804545
2024-10-31 17:42:29.747285,27.782458095634766,75.05383287934461,1009.6017403406023
2024-10-31 17:42:45.848823,22.572236428828816,47.274459424965315,987.3530368108259
2024-10-31 17:43:01.955102,29.363601445674362,51.677538519049655,1017.4493017271627
2024-10-31 17:43:18.082655,23.101969132167884,41.1977153831997,982.5887578022276
2024-10-31 17:43:34.347254,22.968419028738424,40.15673720061186,1017.5758382651682
2024-10-31 17:43:50.450183,25.720896904462887,42.84799816738748,1003.6552859818266
2024-10-31 17:44:06.587321,22.033501171204556,54.03235434098659,993.5642092182999
2024-10-31 17:44:22.647246,24.051961994612917,92.26308851708579,1000.065356896128
2024-10-31 17:44:38.730738,24.972480536648792,58.590947778881585,999.9067496431329
2024-10-31 17:44:54.892245,23.67316901242355,46.63500495288807,992.4663189145997
2024-10-31 17:45:10.963795,25.620898293666166,60.0503027762566,1013.5763579045645
2024-10-31 17:45:26.996425,22.137568064619682,83.26397960769448,1007.8368566263559
2024-10-31 17:45:43.072764,28.324351553755566,41.33320849289966,1018.6304968238429
2024-10-31 17:45:59.166562,25.18541023823867,69.5557479323401,986.9345181130747
2024-10-31 17:46:15.269050,23.599353073248757,99.69712624121982,997.5974418298716
2024-10-31 17:46:31.376738,27.02860567470971,83.07806598717238,986.8240000747514
2024-10-31 17:46:47.637286,21.875487516199584,57.31347406472747,987.7673627135057
2024-10-31 17:47:03.803432,24.358750092914832,73.15045658185163,992.0202103787453
2024-10-31 17:47:19.921001,25.11022265242829,80.8153346363759,1000.9149439640834
2024-10-31 17:47:35.992161,27.309679314711396,80.73593894149482,992.0013129364314
2024-10-31 17:47:52.053918,27.959929418250457,53.6008035860563,998.6336108790123
2024-10-31 17:48:08.185405,27.165843571157154,58.690286189358815,997.8939886167369
2024-10-31 17:48:24.239701,28.016843395772806,59.93078683438734,1013.4882904446401
2024-10-31 17:48:40.340283,25.706936812303667,94.99185994915595,1005.9867859836575
2024-10-31 17:48:56.422346,26.035519905741587,61.602694175728615,1017.82895291815
2024-10-31 17:49:12.492434,28.44739064039048,48.71987609530296,994.4263296318989
2024-10-31 17:49:28.620400,29.51427125699853,81.48205269702831,990.7691074630341
2024-10-31 17:49:44.678397,28.27395266621057,88.21903062499466,996.9495894453011
2024-10-31 17:50:00.976292,27.54539518718539,95.92048668019757,1007.8321109903918
2024-10-31 17:50:17.101347,25.094354693503995,64.28410221782644,1016.7813491223593
2024-10-31 17:50:33.150790,28.067273849422925,56.173941984717786,1005.5089671970403
2024-10-31 17:50:49.227355,22.198702550208516,56.51599771314105,1013.7063757948602
2024-10-31 17:51:05.366848,24.13493150725973,94.29927461127006,989.810762511886
2024-10-31 17:51:21.469131,21.537710516390646,99.8799454446715,980.9986995193707
2024-10-31 17:51:37.559526,24.51822205787932,52.69335307336183,1013.3195407060888
2024-10-31 17:51:53.683278,28.63476012410159,63.053245072554276,1005.1074799647835
2024-10-31 17:52:09.742615,29.082463292901878,98.43131894155238,980.1236275438288
2024-10-31 17:52:25.925463,21.60181818966828,69.52923795256318,1009.3664869470176
2024-10-31 17:52:42.002408,29.04886273279559,43.984491151437155,989.7230609129957
2024-10-31 17:52:58.047335,25.272021011673637,61.075434545772836,990.1861758092734
2024-10-31 17:53:14.309511,24.398787362226194,89.67849004227438,1019.4347600137978
2024-10-31 17:53:30.419073,23.927770556123274,46.59390211184263,1014.3916000742787
2024-10-31 17:53:46.492513,27.224568947133367,92.4256768673886,1019.6970008534935
2024-10-31 17:54:02.586947,29.216852252911945,84.30634449148275,998.342822104021
2024-10-31 17:54:18.714065,20.764645291235517,80.19648241247702,1019.9602065734764
2024-10-31 17:54:34.792550,29.78484177044936,46.28909478100113,995.2156950281532
2024-10-31 17:54:50.871335,23.326336962241264,53.591016857243226,1012.4613292405755
2024-10-31 17:55:06.969093,20.116953870428972,56.67420760429876,998.7582090550837
2024-10-31 17:55:23.040130,27.635746972754095,47.13837337386912,1011.1399136377835
2024-10-31 17:55:39.181398,27.994384639988894,94.27897215239707,992.4069883703761
2024-10-31 17:55:55.220055,20.754801128394018,81.35522960592729,1003.5743243498106
2024-10-31 17:56:11.327070,24.20238787786765,84.1296310144153,988.6258382467718
2024-10-31 17:56:27.635490,26.445110959298457,74.97608642244762,993.8114196353921
2024-10-31 17:56:43.729475,22.50403879036488,67.06105359372805,1014.6449592842413
2024-10-31 17:56:59.843370,24.224028398810187,74.85075101432994,997.6362374125725
2024-10-31 17:57:15.926009,21.30538828239258,60.38741987189111,980.8972327724862
2024-10-31 17:57:31.983899,23.313383605253065,63.70043911604645,1014.5551177997876
2024-10-31 17:57:48.062035,23.526710766951616,76.97244778653013,982.6816103300748
2024-10-31 17:58:04.254575,27.053688270669788,96.84377493764957,981.1208406076981
2024-10-31 17:58:20.619086,28.754561754086104,48.0186311194479,999.4437737116192
2024-10-31 17:58:37.043056,20.201199217679495,50.478043614569245,1008.6038852022851
2024-10-31 17:58:53.289926,20.540366851701506,45.96383873857611,1002.7413715508335
2024-10-31 17:59:09.482909,25.801048981124772,48.1590657289356,991.7466611464649
2024-10-31 17:59:25.722547,21.357512090455693,51.48652458580506,1004.5911237702934
2024-10-31 17:59:42.174526,22.91667494279409,49.45381195225487,984.4819385261867
2024-10-31 17:59:58.284859,23.30230425207818,66.045141276726,1005.361136285043
2024-10-31 18:00:14.486078,21.801710064760524,54.07950368208506,992.496877629352
2024-10-31 18:00:30.577479,20.73254215205192,94.64611529116499,988.2040277749556
2024-10-31 18:00:46.620005,26.328154890069474,49.70229849474476,1008.3415941399958
2024-10-31 18:01:02.802548,23.716443277626915,78.74123642091045,1009.6082520673317
2024-10-31 18:01:18.926857,21.0826676133911,45.10199067281673,993.2076933188018
2024-10-31 18:01:34.973620,23.15310971673021,69.73928473808846,993.6017830933732
2024-10-31 18:01:51.066210,27.374257044236394,86.15334156245413,988.5361157504863
2024-10-31 18:02:07.155652,27.517762582087357,69.15702492449427,983.3047514501764
2024-10-31 18:02:23.222957,24.055411896886863,70.32966142467164,998.1155868738413
2024-10-31 18:02:39.333578,24.5509672794193,92.2424477782206,1001.2859590072351
2024-10-31 18:02:55.656750,20.073475458635144,48.78213866586621,1017.2950057465127
2024-10-31 18:03:11.867577,27.965844063698377,86.0829299746035,999.430011050709
2024-10-31 18:03:28.001268,20.750771627882926,41.98886851061079,987.2671611206351
2024-10-31 18:03:44.071949,20.680762674123397,83.07576507328255,995.0970330251668
2024-10-31 18:04:00.126306,21.359875282915358,43.241965085629054,992.6053998162048
2024-10-31 18:04:16.195731,20.262919272223694,84.0827123671861,985.9562845795131
2024-10-31 18:04:32.273290,22.89701193527428,99.22172632338994,1006.6524661155859
2024-10-31 18:04:48.372403,24.2179038616626,49.64836923083091,986.5927372165646
2024-10-31 18:05:05.531607,24.943240716683874,55.545416019048176,994.1723420066054
2024-10-31 18:05:21.577651,24.887815503346566,98.03467234365644,996.7346095589878
2024-10-31 18:05:39.460591,28.530575192993602,46.89940601984337,995.8042812046292
2024-10-31 18:05:57.243540,26.423355937813152,69.20128172342561,1002.6649976978208
2024-10-31 18:06:13.416804,29.314060994919984,77.87560069035423,997.149117302367
2024-10-31 18:06:30.573223,21.478715497453997,75.1545673374992,1011.7490719494461
2024-10-31 18:06:47.207853,29.090917190720027,91.08650488021442,1002.2664739881441
2024-10-31 18:07:03.885634,20.824111828717502,81.91635938923508,987.5984344200946
2024-10-31 18:07:20.955611,26.235891406549516,84.00303352190843,995.0553276923799
2024-10-31 18:07:37.593307,26.81353679593656,81.37892887084425,997.1017598274082
2024-10-31 18:07:55.550672,21.457080301939268,55.578803954818184,995.7297647485512
2024-10-31 18:08:13.235812,23.09603624129383,49.716404077711346,980.9805389670775
2024-10-31 18:08:30.233839,27.26700197349825,40.186342062949635,984.6578539032103
2024-10-31 18:08:48.204664,27.442831879003446,95.19036550193658,1018.9828019736526
2024-10-31 18:09:05.401226,25.278598357123993,95.23915573482967,983.3593060741671
2024-10-31 18:09:22.738185,26.47721211755542,66.76889615070094,990.2122301634726
2024-10-31 18:09:38.822116,24.584916791632416,70.52063948236682,997.8222531100303
2024-10-31 18:09:54.895783,20.9876344918755,71.41084473803261,1008.5963256607181
2024-10-31 18:10:10.953916,27.91893790004336,84.15619461308145,1015.7542549899299
2024-10-31 18:10:27.035677,29.359775514237896,52.841329403980176,1003.2663718654459
2024-10-31 18:10:43.097816,28.83118354834692,48.79194798488449,1019.4005198340917
2024-10-31 18:10:59.175752,28.404440235727407,76.5301152156766,985.2569685191567
2024-10-31 18:11:15.273263,29.96165257089498,87.37925736281579,998.9722280146593
2024-10-31 18:11:31.345336,26.79424945827243,62.65792337846016,1015.8061859930214
2024-10-31 18:11:47.539649,28.35461001638901,61.32376350507178,985.4707413867793
2024-10-31 18:12:03.633787,24.234109369435615,74.80344018975958,1015.5963361429523
2024-10-31 18:12:19.916258,25.44838439564558,49.0268058173417,1004.9380224388888
2024-10-31 18:12:36.013845,28.689027528909037,82.06447382286026,986.6015031950742
2024-10-31 18:12:52.200761,27.182897970422943,71.35200459758212,1012.7803731459761
2024-10-31 18:13:08.247221,27.98500855109647,73.4923381549646,991.892583688876
2024-10-31 18:13:24.345717,27.499353413047118,70.423224405073,992.6746497954756
2024-10-31 18:13:40.465648,20.05128115722941,72.39540370424933,984.4250819988843
2024-10-31 18:13:56.545438,21.741764726755413,81.22448133780514,986.796906408297
2024-10-31 18:14:12.619720,24.518328471832636,57.34772728881703,991.8650694380217
2024-10-31 18:14:28.721337,20.79957114783932,79.9900224356961,980.9388461990777
2024-10-31 18:14:44.791946,23.20293778448432,98.36537752032231,982.1154671457313
2024-10-31 18:15:00.891267,21.472931829541352,88.30167591537315,996.475006930579
2024-10-31 18:15:16.960242,21.955050740041237,49.80492696343451,987.199963031426
2024-10-31 18:15:33.262804,23.53020573137039,40.67708065060482,998.1006965355721
2024-10-31 18:15:49.334799,26.55114716583437,64.284360017545,992.7948214062661
2024-10-31 18:16:05.479473,22.63072455941486,84.19673540451001,1004.7051476050291
2024-10-31 18:16:21.530838,20.496845350628163,67.43918289615152,994.8122981332845
2024-10-31 18:16:37.620146,21.253861370440166,64.4783929066532,1007.5283316419068
2024-10-31 18:16:53.712962,29.534165897728194,66.94953649605756,994.3841670829624
2024-10-31 18:17:09.885247,22.53862443055735,56.51442308380333,998.6143448925495
2024-10-31 18:17:25.934228,22.528564358469286,54.2719786408188,1005.9012840101971
2024-10-31 18:17:42.038599,21.69745654136534,45.159998580741174,1016.4932648318685
2024-10-31 18:17:58.134777,28.460602373745942,78.26529045974263,1014.123888027342
2024-10-31 18:18:14.238008,24.296690308989305,71.59048725580499,1008.7811059393193
2024-10-31 18:18:30.330619,22.148571744298508,87.75113018512033,1019.5975313675483
2024-10-31 18:18:46.601705,28.36717440861613,91.55539801208916,1000.4129876089149
2024-10-31 18:19:02.675359,26.771070189843797,64.87369799699911,999.9485506557634
2024-10-31 18:19:18.800135,22.710952054226638,77.35025526557465,997.2947974906323
2024-10-31 18:19:34.946882,22.39125665693121,44.49261344570436,988.7044067705749
2024-10-31 18:19:51.033558,26.46434545853969,99.48241156405732,1013.5317775026311
2024-10-31 18:20:07.105138,21.70576020678944,63.13917001895626,1012.8464553475897
2024-10-31 18:20:23.203348,20.70588987560999,70.91577664003665,1002.5627603793414
2024-10-31 18:20:39.264385,22.5816757947441,51.986801412695065,1007.5598015925601
2024-10-31 18:20:55.346705,26.156074155081924,66.16088498685775,995.5472057323514
2024-10-31 18:21:11.445885,26.08007204608919,97.04103181269232,1008.3426172458682
2024-10-31 18:21:27.601137,22.345692051417405,51.414455283633586,993.926179272586
2024-10-31 18:21:43.705784,29.302853815049986,44.804880517794295,1005.9629041369129
2024-10-31 18:21:59.999850,25.149580120229658,66.51181959041551,982.9826663851629
2024-10-31 18:22:16.035753,23.842329810311472,66.00297351836147,1004.1681698181613
2024-10-31 18:22:32.165662,25.783495127434747,61.22936722070324,980.9329084986064
2024-10-31 18:22:48.298562,24.651811972554604,97.55210172449699,987.162827545829
2024-10-31 18:23:04.394615,21.846213268170967,45.35094402952855,1005.485154068034
2024-10-31 18:23:20.520917,20.050425914416206,94.79094839363059,1015.5637905335865
2024-10-31 18:23:36.744283,24.85982441019795,94.60467863652511,1008.3303729171247
2024-10-31 18:23:52.822499,28.36578070163196,79.15826010718737,996.1081915712173
2024-10-31 18:24:08.973095,26.36778650998359,54.870066555166126,980.3356515354283
2024-10-31 18:24:25.135918,25.44756141352406,98.65339050960074,992.6184825015456
2024-10-31 18:24:41.370874,29.232014578052247,54.846985831307606,1008.0075456435344
2024-10-31 18:24:57.721967,23.393699039201042,72.07812657150436,994.9273981916456
2024-10-31 18:25:14.223494,22.44309011573253,78.3791073280718,986.4972072407278
2024-10-31 18:25:30.346219,21.76216600664879,51.03492960204395,986.9953432312775
2024-10-31 18:25:46.522051,27.24884502951894,91.66886741024001,1002.4379309702548
2024-10-31 18:26:02.640321,26.598968333513735,85.48251925123103,1002.2818830817059
2024-10-31 18:26:18.757783,23.908290663221408,89.22207859096204,995.7238962470655
2024-10-31 18:26:34.889484,24.43513390901249,98.82137504183333,1011.704267644265
2024-10-31 18:26:51.078944,27.03551401537601,52.64058076088665,992.5860562838153
2024-10-31 18:27:07.228691,27.304064435381832,92.42839691845704,990.3023984522313
2024-10-31 18:27:23.462982,25.453300292359565,59.06540558521727,981.3624896793959
2024-10-31 18:27:39.582803,24.313125991818353,64.73064157302159,984.7052429684396
2024-10-31 18:27:55.700334,21.144809649030922,42.28730050857854,987.8913502918325
2024-10-31 18:28:11.843479,25.56427197989114,58.30906014184878,995.5184392652873
2024-10-31 18:28:28.215974,24.173665933874474,77.80471721846871,1001.2424457271975
2024-10-31 18:28:44.328101,20.50143758852898,95.62698474029294,995.8308319223629
2024-10-31 18:29:00.541994,26.271211885255212,46.760581477098725,1007.8176455658606
2024-10-31 18:29:16.708770,24.07350299912102,53.03438079664244,1003.555687856534
2024-10-31 18:29:32.772500,20.48719692196175,87.63962737238495,1002.4747733558735
2024-10-31 18:29:48.878083,23.744332441651476,48.53579747119142,982.5859150039867
2024-10-31 18:30:05.102008,20.474047640364695,70.78948801805994,1007.852432838276
2024-10-31 18:30:21.209436,21.43043287058308,45.742098129716,995.4400576516323
2024-10-31 18:30:37.339217,27.66500263875458,53.33200155217669,995.5067718289436
2024-10-31 18:30:53.453349,26.338596726736156,99.13292155018372,985.5485528202519
2024-10-31 18:31:09.592211,25.057923971985126,73.94369884651809,990.029413830749
2024-10-31 18:31:25.846952,25.68367799461008,63.370813634330695,1004.0092329614082
2024-10-31 18:31:42.237993,27.866386954038035,58.0492879683128,1008.9454359122801
2024-10-31 18:31:58.309425,29.207060376138024,80.95263672987069,993.6154667035662
2024-10-31 18:32:14.434336,20.46166333002559,43.75835416052615,1012.6249074960762
2024-10-31 18:32:30.558080,22.33029474497107,74.34511828019973,987.211939812218
2024-10-31 18:32:46.718247,23.74174113860292,72.71535809512937,983.0961213564485
2024-10-31 18:33:02.825359,27.01843150681296,52.979911108491905,998.0225968585839
2024-10-31 18:33:19.017856,25.742576339091435,82.05517840161734,1006.6622271211879
2024-10-31 18:33:35.127570,25.05451836769528,94.33972589410055,1017.4941532133442
2024-10-31 18:33:51.185933,25.966559108656906,92.11840451324585,998.0505691751288
2024-10-31 18:34:07.262941,21.985793056922777,93.36618860180718,1018.2869033800158
2024-10-31 18:34:23.437273,26.89873250619287,90.55309012006592,1000.2338713073602
2024-10-31 18:34:39.558404,27.248867926241466,72.16688119750637,1011.0618520152766
2024-10-31 18:34:56.543205,28.882642222081135,43.0858354619864,982.4387903978181
2024-10-31 18:35:12.880641,22.520289197064415,67.47644102264607,985.539592596938
2024-10-31 18:35:28.969205,29.815036592878215,42.13086139162892,1009.4563489074436
2024-10-31 18:35:45.132080,26.503870726145323,54.813945821286985,982.5090289679092
2024-10-31 18:36:01.333319,29.646299455410638,93.05000043124372,983.6359548402867
2024-10-31 18:36:17.474107,24.026530535500065,85.26783313376085,1002.7710503741354
2024-10-31 18:36:33.636203,20.77796303434628,52.42265138248233,991.6990234630276
2024-10-31 18:36:49.819187,28.416838674222735,42.99433444322949,1000.1782510741917
2024-10-31 18:37:05.969320,21.738973082825275,84.21127525534342,981.8517325192042
2024-10-31 18:37:22.158733,27.23409923893885,42.111463858134705,1004.2751792099157
2024-10-31 18:37:38.366427,20.018696388687587,85.09550858891342,1000.189765011052
2024-10-31 18:37:54.484351,28.94391801572458,98.50710617522292,1006.6027420742463
2024-10-31 18:38:10.885209,21.942055495321597,65.05913271903246,1006.6365265007747
2024-10-31 18:38:27.050829,22.920768464230903,69.452174524133,990.3160571827854
2024-10-31 18:38:43.214287,29.84209979279749,97.24075335610547,1002.56213459258
2024-10-31 18:38:59.358197,27.555636855109693,98.85521108358718,1003.7801312869501
2024-11-02 02:57:08.632607,23.172759121680144,66.62669026945696,995.450467530631
2024-11-02 02:57:24.668258,20.135926642446712,63.17972845191902,998.6469888439481
2024-11-02 02:57:40.705401,23.060547223512568,65.63576374385025,985.6795775692079
2024-11-02 02:57:56.777641,27.060183430342953,56.693611699528624,991.7170454618528
2024-11-02 02:58:12.795295,26.962971577922723,56.60987052083449,1003.937622071264
2024-11-02 02:58:28.819220,29.418641794052185,89.4065666607982,983.1046066425052
2024-11-02 02:58:44.881227,20.40304552229927,79.37738416742752,997.0361298554726
2024-11-02 02:59:00.877462,20.666219067868504,43.982756729782956,997.5448944861855
2024-11-02 02:59:16.882214,20.595059290436765,64.47206202350789,1018.2373648315072
2024-11-02 02:59:32.970261,29.821876821708685,80.0224836706714,1017.5096379935576
2024-11-02 02:59:49.051146,26.346142015369704,98.66673019531825,995.9566590815853
2024-11-02 03:00:24.385196,26.563769646232597,92.47003107154354,1001.0463326992443
2024-11-02 03:00:40.365168,29.469090861992164,74.39784400314313,998.770476630062
2024-11-02 03:00:56.356227,20.953776350804933,91.49851946856748,981.2475261620505
2024-11-02 03:01:12.342980,25.71225210102289,63.05155828995446,1006.8658336758239
2024-11-02 03:01:28.333128,29.53665577152833,76.39560277469299,1000.0993517619967
2024-11-02 03:01:44.315074,29.00983746868731,60.832601261345516,986.1474011105421
2024-11-02 03:02:00.348899,20.92175888451627,77.05918150696547,989.0787494554394
2024-11-02 03:02:16.420375,26.5226626727836,40.687452214254314,984.6000119878904
2024-11-02 03:02:32.419878,27.559698280006458,57.21732715340252,1003.2651568042443
2024-11-02 03:02:48.480213,29.298861945663873,69.19289605134796,1005.7767447216787
2024-11-02 03:03:04.516066,28.874619710050553,41.20120293620105,1011.1664511716998
2024-11-02 03:03:20.493076,27.787358264927562,78.48622723533126,980.5104661824769
2024-11-02 03:03:36.834846,25.041903793071015,40.34927049055123,1011.3971865305676
2024-11-02 03:03:52.835823,25.09352168474633,88.5906260364997,987.204752845328
2024-11-02 03:04:08.803889,24.585425038545868,56.55895159930285,994.0112112955092
2024-11-02 03:04:24.867269,28.27120366009172,45.53927083689037,981.8301328756306
2024-11-02 03:04:40.937134,28.500431761997223,60.065142075579814,996.4914516348854
2024-11-02 03:04:56.945046,26.043227907383482,74.15586956765806,991.5658957407923
2024-11-02 03:05:12.943820,28.114427746645422,85.23621471383862,1006.836322167183
2024-11-02 03:05:28.987974,27.455274579348313,44.03468655341887,982.9957220896832
2024-11-02 03:05:44.979972,25.032110734393775,73.50227439782567,1019.8353226294723
2024-11-02 03:06:01.037073,21.979756072032007,88.50617828378077,998.4935194776536
2024-11-02 03:06:17.034649,26.076345341848914,78.17981231751003,982.0890227471917
2024-11-02 03:06:33.063371,28.417722989935662,43.73198394311367,996.0386640994001
2024-11-02 03:06:49.222402,27.82897810214501,97.94187895918006,984.0822460660814
2024-11-02 03:07:05.238943,27.735906451323707,67.87553912449536,1000.8071674299678
2024-11-02 03:07:21.228691,22.583700236480656,43.407686330428824,996.4646712740627
2024-11-02 03:07:37.274662,21.011409450074023,88.8739415181461,1012.1951992331905
2024-11-02 03:07:53.353776,20.133979137173366,48.41603478286095,1002.9678983860589
2024-11-02 03:08:09.360423,22.152607637868382,86.04220995514571,982.6419407143179
2024-11-02 03:08:25.440850,20.77602824711888,95.97451151495144,993.3316149311535
2024-11-02 03:08:41.507145,26.112588131936178,86.37685672816215,1008.3578536581495
2024-11-02 03:08:57.523316,27.17588808776167,91.36504450811678,1005.0058613541128
2024-11-02 03:09:13.603488,27.7081412159049,94.58763329340901,1017.1091409618722
2024-11-02 03:09:29.645506,29.82950838821968,70.54282327008875,983.1189718195676
2024-11-02 03:09:45.665539,25.884452768207918,78.02751942916865,1010.2639582224633
2024-11-02 03:10:01.891838,23.078209938460525,65.2776845059101,994.700150831728
2024-11-02 03:10:17.900635,20.87777296887973,86.63065389980784,984.4449552620131
2024-11-02 03:10:33.857239,25.979831436442844,72.10594299030771,1006.2095725603436
2024-11-02 03:10:49.912493,27.462972879030637,83.2271960468428,1000.6821367544553
2024-11-02 03:11:05.886640,25.65143882351527,56.60210601400733,1001.2673601921888
2024-11-02 03:11:21.881153,29.378031880852028,43.98247737659794,1007.5414427047288
2024-11-02 03:11:37.932255,20.285461042787574,67.43716220071273,1019.5675877197149
2024-11-02 03:11:53.942180,25.138293663726774,67.9591709858795,1010.442434670482
2024-11-02 03:12:09.942394,22.639236631156844,43.470538991078186,1013.2433585542747
2024-11-02 03:12:26.065512,25.393970818623046,81.91600958044931,985.3315095043871
2024-11-02 03:12:42.047167,28.547590473005233,79.43212812417934,1005.3693780180206
2024-11-02 03:12:58.081053,26.090197906036313,94.35763013943424,1001.4991699839311
2024-11-02 03:13:14.286381,28.34862139630767,97.38153529229308,984.2554244863205
2024-11-02 03:13:30.279099,29.330684836300062,58.11326860988028,980.3425510652651
2024-11-02 03:13:46.301999,22.418779645948902,80.95045846914536,1007.8648301652674
2024-11-02 03:14:02.402268,20.10947005196245,88.89336460290362,1001.2759617157187
2024-11-02 03:14:18.430342,24.754529877658527,87.20578896417946,990.2629756667205
2024-11-02 03:14:34.487199,20.49500205243585,53.13987843044028,1014.6363351192742
2024-11-02 03:14:50.531832,27.599748934501292,80.53251292398323,984.1113468557468
2024-11-02 03:15:06.516589,21.636534634933547,40.91168535203712,1011.7552612275792
2024-11-02 03:15:22.560871,21.76080494091945,69.37359642798111,1002.6413747356854
2024-11-02 03:15:38.601575,23.098424190289442,57.868357550421386,1011.8941164382189
2024-11-02 03:15:54.622766,22.437161341171407,56.793575238530735,1010.3126658112453
2024-11-02 03:16:10.636243,20.35327063165358,88.59647893752714,1000.5010449481815
2024-11-02 03:16:26.895085,27.877361690444307,77.83927902196163,983.6268537385242
2024-11-02 03:16:42.901947,28.50595167350541,49.88170592288001,1008.0727259904362
2024-11-02 03:16:58.915891,26.021585885717208,52.231606662119084,1002.104340395332
2024-11-02 03:17:14.961803,29.044566529283852,68.43443277336084,1010.7893769546178
2024-11-02 03:17:30.957842,24.199479299115218,63.61635141364913,1003.7898248442565
2024-11-02 03:17:46.950048,20.549729847122435,49.31235256711031,1000.3982988265054
2024-11-02 03:18:02.957055,25.139290424087935,86.61957903725914,1018.2101579307713
2024-11-02 03:18:18.990752,24.43792406645993,49.613733800123754,980.0969264315983
2024-11-02 03:18:34.978690,28.26164407394459,42.174969290050235,1004.4996735017463
2024-11-02 03:18:51.036771,20.14630229785731,92.81654206212303,1000.9388024581074
2024-11-02 03:19:07.059808,29.72413553562418,83.54147941748627,1018.7514034426016
2024-11-02 03:19:23.092475,27.68105194092623,93.9089736880811,984.3328438519686
2024-11-02 03:19:39.330735,26.209608380564337,97.00045644113098,1000.4739397435561
2024-11-02 03:19:55.362431,28.439609245861845,55.13928227679504,995.2957999113339
2024-11-02 03:20:11.355811,25.478523764945912,68.62970981209347,985.9250513813718
2024-11-02 03:20:27.422393,22.813113776131523,79.36503939363692,1002.0671741337324
2024-11-02 03:20:43.397706,28.058211882456295,73.52569528881094,984.9842790611347
2024-11-02 03:20:59.423887,29.08513436278602,95.83180716062162,1006.6711289524753
2024-11-02 03:21:15.439405,26.90201625696843,90.26148181760612,982.5375726415452
2024-11-02 03:21:31.455592,24.07851241322279,51.63262918226648,1009.2043045385071
2024-11-02 03:21:47.467253,20.136006726123032,58.837688635296885,1007.1724703373753
2024-11-02 03:22:02.703759,22.01932802170554,55.930095868278016,1013.0975194495625
2024-11-02 03:22:18.682614,21.20461586750136,62.71584714211722,1003.1437107972577
2024-11-02 03:22:34.763562,23.25247490709077,84.36621870356805,1015.5413214507341
2024-11-02 03:22:51.133632,21.809070641962713,64.60770363955291,990.0766615928763
2024-11-02 03:23:07.119009,21.16769085640336,82.53156813606907,1002.2080941724444
2024-11-02 03:23:23.156655,29.139282127931594,86.76856389900817,987.6630347055362
2024-11-02 03:23:39.236616,22.214245706079293,85.72588110549329,1016.687288472046
2024-11-02 03:23:55.264640,29.24609705349924,75.79723616423699,1008.6218939920518
2024-11-02 03:24:11.305633,27.032259602342016,66.79609870285789,984.5900681569108
2024-11-02 03:24:27.300215,21.85090823211249,43.028438595329376,1000.0667970241452
2024-11-02 03:24:43.324219,28.87871334310686,55.43929523441205,983.5933829218997
2024-11-02 03:24:59.359503,24.670481165599305,78.76476920940215,1019.5420966820187
2024-11-02 03:25:15.412244,23.99245739146317,93.07050841923513,981.6268288051479
2024-11-02 03:25:31.406455,22.256183111690284,53.498151987295714,1009.7456260876463
2024-11-02 03:25:47.486332,25.23989511310327,72.79143826824055,1013.4822380901027
2024-11-02 03:26:03.724308,21.601867871740087,56.72694752152838,1007.0556214571088
2024-11-02 03:26:19.721010,25.057874744321786,55.59099328348617,1017.031934348851
2024-11-02 03:26:35.764131,21.465854396960154,85.95640171989055,995.7076244604608
2024-11-02 03:26:51.819948,21.72844768219189,47.85560105414592,1005.0115857678935
2024-11-02 03:27:07.821730,25.12481303877123,78.47807575143747,1014.6237319206913
2024-11-02 03:27:23.899228,20.685725883169898,92.92290504571002,1010.2242996930448
2024-11-02 03:27:38.720172,25.757545822118168,81.62586089399836,1013.5446472509575
2024-11-02 03:27:39.738540,28.381924250188508,64.99155535317371,1005.2565864437827
2024-11-02 03:27:40.716390,29.31011369609284,49.6254791100189,981.0484918327139
2024-11-02 03:27:41.687123,28.908897465374103,97.28898380879914,1017.3587658850515
2024-11-02 03:27:42.660254,20.60070591141829,60.92065313838229,1002.2304418913881
2024-11-02 03:27:43.643413,20.16973584703296,56.49109729937753,980.5206341384226
2024-11-02 03:27:44.606298,26.976254704262708,82.73159815916719,986.9238599265316
2024-11-02 03:27:45.600042,20.240151163229285,80.9426198275139,1019.0192156002813
2024-11-02 03:27:46.584001,28.55374380680066,81.39321435150319,1008.5123973446421
2024-11-02 03:27:47.545543,20.516481746056808,67.38271492070588,1011.0610819204546
2024-11-02 03:27:48.526169,23.67141994918848,97.99711352522905,1017.9321827339513
2024-11-02 03:27:49.453978,25.473457704459825,40.524933810414744,991.2334352628644
2024-11-02 03:27:50.422950,23.1957839720758,73.43029510983808,995.7843853012193
2024-11-02 03:28:08.898116,22.07021269091166,88.12493428827966,1006.5002699215854
2024-11-02 03:28:24.930139,20.492363731239706,98.33009132346879,1004.288923786563
2024-11-02 03:28:40.901960,28.50171191510121,95.97811365995494,980.5047555385946
2024-11-02 03:28:56.987729,20.607713513389466,78.0028679849802,986.488474546544
2024-11-02 03:29:13.170687,22.421716353310586,90.46449861181796,983.8998216314762
2024-11-02 03:29:29.150040,22.493334373996905,60.606550468165004,1011.0762868048898
2024-11-02 03:29:45.187238,29.67194284440707,92.7733040103762,996.107380993963
2024-11-02 03:30:01.223939,23.521758163105247,63.93408112353655,1015.8559802626608
2024-11-02 03:30:17.250917,24.237396476177032,55.14821305599587,983.3271204915218
2024-11-02 03:30:27.960367,26.779307949295408,74.57129098333287,1015.1669530132722
2024-11-02 03:30:43.981663,27.864079634382655,73.21571538189278,1015.573164593639
2024-11-02 03:31:00.024813,27.580355491849133,71.96314806279348,1014.5676105584657
2024-11-02 03:31:16.007868,26.70251291168706,74.47286420732412,1014.6708721510569
2024-11-02 03:31:32.025918,28.110079523931645,79.98448122257925,1014.0314724872495
2024-11-02 03:31:48.061487,27.334301757868428,70.97256147041088,1015.5926094697188
2024-11-02 03:32:04.023808,27.256372732813222,77.43275403294794,1015.3035045756494
2024-11-02 03:32:10.020097,26.082594037748155,78.12828409365682,1014.8453426728298
2024-11-02 03:32:10.986180,26.753715600731717,74.73380175223215,1014.817970267716
2024-11-02 03:32:11.926865,27.663913454830176,76.6502390467011,1015.8933000973608
2024-11-02 03:32:12.878982,27.09287905454415,75.4302211051375,1015.2701215047231
2024-11-02 03:32:13.839642,26.85892522148295,77.70164463933622,1015.0381573262813
2024-11-02 03:32:14.999833,28.267862116973998,75.07320758973589,1015.5977087463617
2024-11-02 03:32:15.976474,29.005507867172728,72.49273725584162,1015.9053920377161
2024-11-02 03:32:16.945948,27.782372671442737,73.16789359934543,1015.5666913802852
2024-11-02 03:32:17.886940,28.71223963577623,74.39336619792803,1015.0972413459369
2024-11-02 03:32:18.815600,26.21695422972863,71.50317159006444,1014.248767444127
2024-11-02 03:32:19.780790,28.23760594048519,70.04327881437723,1014.307873697903
2024-11-02 03:32:20.776773,28.198094922638962,78.24387793489727,1015.0138489399271
2024-11-02 03:32:21.733959,27.84832756664116,73.2262232888388,1014.9313736348515
2024-11-02 03:32:22.697722,26.266476621255677,77.0713585085869,1014.2141006719224
2024-11-02 03:32:23.695037,26.934535147292024,78.02430571539466,1015.377679484503
2024-11-02 03:32:24.645641,26.365452369860922,78.134883973254,1015.7557416377658
2024-11-02 03:32:25.642651,29.884882918758905,71.64676736163645,1014.4673003501641
2024-11-02 03:32:26.658773,27.330491091850938,77.73235544124901,1015.3063293596059
2024-11-02 03:32:27.605084,28.01654196398533,70.27397476098405,1014.3790560656066
2024-11-02 03:32:28.582961,29.431623117857306,78.7982296559226,1014.0433099250364
2024-11-02 03:32:29.538226,29.766959982575223,74.84860731220968,1014.6401296572931
2024-11-02 03:32:30.503663,28.961502362327206,72.50529837103593,1015.8900446946111
2024-11-02 03:32:31.480727,26.584708034031458,74.55224937428358,1015.7607439013434
2024-11-02 03:32:32.484880,29.347224714312983,72.50739958678257,1014.0998284080051
2024-11-02 03:32:33.462637,28.613047685020902,70.216319721822,1015.7760166111548
2024-11-02 03:32:34.414573,28.324545943943626,76.09839723212096,1015.2648833714064
2024-11-02 03:33:23.567829,26.134996516596882,74.95486087150705,1015.8271700147778
2024-11-02 03:33:46.896758,29.10367719076079,77.20881135373484,1015.680227535412
2024-11-02 03:34:02.944314,29.439697040604248,74.23430744527272,1014.458967106181
2024-11-02 03:34:18.960518,26.311692852305978,76.11173575020287,1015.0563197401558
2024-11-02 03:34:34.921058,28.92656921220093,76.9965755790692,1014.7625764515674
2024-11-02 03:34:50.987615,29.580209861506702,79.6572247566187,1014.7037571823766
2024-11-02 03:35:06.970586,27.053317735647834,74.30756549702488,1014.8752317159198
2024-11-02 03:35:23.137671,26.409575927159953,72.40793337932178,1015.1994103503872
2024-11-02 03:35:39.126729,26.075147492834688,77.42975486790131,1015.8303256489727
2024-11-02 03:35:55.107691,28.00715364341247,79.89577946190286,1014.0732600891635
2024-11-02 03:36:11.126618,29.25040363828591,70.21316565866427,1015.6434989544899
2024-11-02 03:36:27.185582,26.274238744157568,74.45661829426396,1015.1311835512588
2024-11-02 03:36:43.165416,27.90660471387691,74.32573137455493,1015.737522832156
2024-11-02 03:36:59.167555,26.522412067787148,73.24406940000787,1014.6032784693273
2024-11-02 03:37:15.186410,26.071422105189157,70.53898781638806,1015.6133719940796
2024-11-02 03:37:31.175516,28.569019043082207,70.38333403814359,1015.6345312474527
2024-11-02 03:37:47.165090,27.83587305305109,71.75167194085853,1015.1190218627772
2024-11-02 03:38:03.224511,26.189912655280374,74.07760853181227,1014.2009056478105
2024-11-02 03:38:19.224252,27.49906700000699,70.29475302125978,1014.5876587693526
2024-11-02 03:38:35.416416,28.414865262029778,78.99227053209819,1015.4734119074207
2024-11-02 03:38:51.433220,27.287966870742814,74.55178756262926,1014.0711831988639
2024-11-02 03:39:07.426365,27.689639294656402,78.5238011695709,1015.7631221968082
2024-11-02 03:39:23.427205,28.171665446757093,70.11088747924494,1015.3699114540575
2024-11-02 03:39:58.555191,32.073982551524765,69.86171162532867,1013.6596805565415
2024-11-02 03:40:14.584534,26.28495749797202,71.14885752000829,1015.8049148242554
2024-11-02 03:40:30.605268,25.275142739900755,84.462183698828,1014.0834577211999
2024-11-02 03:40:46.627275,31.895086669384114,68.20680213000847,1016.2337564257239
2024-11-02 03:41:02.624188,27.062262501668577,74.85035645892103,1015.4064029197699
2024-11-02 03:41:18.667651,23.030651740729315,81.55832452697798,1014.1626953531625
2024-11-02 03:41:34.760951,27.167132779788396,66.17276374388699,1016.9246847658721
2024-11-02 03:41:50.950748,27.28520429369785,70.76274243906857,1013.7792877437181
2024-11-02 03:42:06.941041,28.61789856402703,67.23401147840299,1014.6313067850281
2024-11-02 03:42:22.994172,24.538752405191403,82.11678253305413,1015.3814698367928
2024-11-02 03:42:39.010951,32.4379920319509,73.31195989451173,1016.4571877128391
2024-11-02 03:42:55.000585,23.593860472826194,69.36093669767021,1015.5897638249469
2024-11-02 03:43:11.069733,30.17504819457418,77.36740474561367,1015.5023155092006
2024-11-02 03:43:27.080711,30.37948273259751,81.58683180643578,1016.6216112983914
2024-11-02 03:43:43.079821,25.793651072193345,83.84264797274406,1015.8067007529532
2024-11-02 03:43:55.809914,28.230533228512147,75.71645580875413,1015.5124115284906
2024-11-02 03:44:11.822032,29.066020163829887,77.51563183152811,1015.1854778916208
2024-11-02 03:44:27.838944,29.762012408359887,79.25744391013832,1015.1204633515221
2024-11-02 03:44:43.856994,29.940348227656493,79.9278976167815,1014.662370047024
2024-11-02 03:45:00.084652,30.29607544963106,81.36781367408514,1014.4110667705322
2024-11-02 03:45:16.099669,30.703922600089356,81.5425645310487,1014.8956346463901
2024-11-02 03:45:32.152596,31.00791903390707,82.43330237683558,1014.5536688293696
2024-11-02 03:45:48.189272,31.34444046822992,82.63873713822464,1014.6047933897387
2024-11-02 03:46:04.171763,31.99598870071445,83.88799435487915,1015.0522890907669
2024-11-02 03:46:20.201577,32.69570011864775,83.93119604378765,1015.026328752391
2024-11-02 03:46:36.241852,33.37448153459942,85.34161395050602,1015.1780808689408
2024-11-02 03:46:52.226717,34.339669732878015,85.57016463800058,1015.2252438205493
2024-11-02 03:47:08.265568,34.42976249572434,86.7397461685497,1014.7527423591508
2024-11-02 03:47:24.288672,34.88518042629517,88.57747945464878,1014.6680339539909
2024-11-02 03:47:40.299744,35.131374103478336,89.83147826647813,1014.5382874352606
2024-11-02 03:47:56.342697,35.82272564241781,90.24454052406726,1014.0756095914101
2024-11-02 03:48:12.507498,36.3653186432431,92.55248303799688,1014.3871572674587
2024-11-02 03:48:28.521622,37.1087381659049,95.47791944519784,1014.5641987121219
2024-11-02 03:48:44.585055,37.99851893252311,96.40071049303637,1014.2634431479661
2024-11-02 03:49:00.583623,38.4264177771269,97.63135033819752,1014.282667740738
2024-11-02 03:49:24.942331,27.5471930212184,71.56380031021037,1015.4198543727155
2024-11-02 03:49:40.992405,29.472461948199697,72.74367056340849,1015.5989625834993
2024-11-02 03:49:56.955395,31.232907879619415,68.82118897886579,1015.7325012036874
2024-11-02 03:50:12.960416,31.130711845593243,73.12601239145984,1016.2319281946093
2024-11-02 03:50:28.972686,30.51130019306075,78.00371196206697,1016.4201952564504
2024-11-02 03:50:44.943185,29.079359062041494,82.94683653336494,1015.9501574835576
2024-11-02 03:51:00.976409,28.849012881384617,84.70694652051691,1016.214175684859
2024-11-02 03:51:17.105384,27.60049549150643,85.29934950411261,1016.5927478191695
2024-11-02 03:51:33.096491,27.277041461652082,85.5263598045945,1016.4963282961995
2024-11-02 03:51:49.119707,29.23602596899245,80.90204361262504,1016.6973374950256
2024-11-02 03:52:05.121497,28.697286695842912,81.95565377975234,1016.8272468862089
2024-11-02 03:52:21.123264,28.57286531852698,82.4190741643831,1017.1270544930351
2024-11-02 03:52:37.158047,28.051287412695068,84.17785727010336,1016.8268911191168
2024-11-02 03:52:53.163083,27.398524768732173,83.88234908622731,1017.0945096647511
2024-11-02 03:53:09.205173,29.330698550401138,86.33985487145534,1016.9178386490532
2024-11-02 03:53:25.270003,27.477050446740925,86.71355263925999,1017.0731650256373
2024-11-02 03:53:41.303330,28.846093037484206,90.49452435902327,1016.8790766421666
2024-11-02 03:53:57.300269,27.446327855264673,86.71134937403231,1016.7890718123489
2024-11-02 03:54:13.360931,26.6273539570655,89.75323047964454,1016.5161141581751
2024-11-02 03:54:29.549695,25.348319652016677,86.51507382808028,1016.3538744636859
2024-11-02 03:54:45.564224,24.823675100429696,81.6655879952524,1016.3189971920326
2024-11-02 03:55:01.589691,26.480705534201405,81.00718652949357,1016.4328886862617
2024-11-02 03:55:17.615120,27.831020421036403,77.58908775717721,1016.210261240844
2024-11-02 03:55:33.603828,29.16767427671708,72.98224315271798,1016.5934489576291
2024-11-02 03:55:49.601009,30.480773117977726,74.6415371602423,1016.2949850600328
2024-11-02 03:56:05.575154,30.149639479366098,77.46126462927624,1015.9725662845938
2024-11-02 03:56:21.623964,29.74679850955102,74.33757635234079,1016.0434749066873
2024-11-02 03:56:37.704224,27.756972352920684,76.63919381442066,1015.7110351479334
2024-11-02 03:56:53.702927,28.919724522542072,80.0601308357878,1015.6027011952402
2024-11-02 03:57:09.726831,28.135139971451057,78.6793332146131,1015.5543045661827
2024-11-02 03:57:25.780680,26.547454597251537,75.44082644653378,1015.2228413797467
2024-11-02 03:57:41.971958,25.220619033767527,79.89533936832754,1014.8536662400533
2024-11-02 03:57:57.987834,25.89039521430191,78.94219388449369,1015.1531887592805
2024-11-02 03:58:14.005115,27.67738565737331,74.70847597363934,1014.7855373627851
2024-11-02 03:58:30.045081,25.727029207150615,77.64622472693232,1014.8782900954884
2024-11-02 03:58:46.046763,26.563266309207123,80.64387455215306,1015.2375838698655
2024-11-02 03:59:02.118470,27.138814332013858,77.06955035009474,1015.0011867218241
2024-11-02 03:59:18.128980,26.633346198797007,77.85170411109561,1015.4370078827814
2024-11-02 03:59:34.147733,25.716048497900168,76.36606167511106,1015.5735555558493
2024-11-02 03:59:50.161640,26.38206461990633,81.07501326929575,1015.845391586285
2024-11-02 04:00:06.154430,24.405493085697263,77.14023312848107,1015.9351867706195
2024-11-02 04:00:22.142664,22.681007952144537,74.25528535516418,1015.7847155576085
2024-11-02 04:00:38.143334,21.269942869588526,69.4477989586432,1015.4687866808963
2024-11-02 04:01:51.373636,29.369839922865275,79.91145499867667,1015.6675305094935
2024-11-02 04:02:09.489155,28.860718130299766,79.74053466551695,1014.9307487164853
2024-11-02 04:02:25.495626,27.577284541144035,82.32096859329936,1014.5696371380255
2024-11-02 04:02:41.547630,28.074569269388704,78.7267812957119,1014.366782213788
2024-11-02 04:02:57.555200,27.305965970372366,77.09389615640909,1014.4621064097138
2024-11-02 04:03:13.535370,26.858319847815192,79.87400395199501,1014.5386002108916
2024-11-02 04:03:21.907327,28.302167146601526,68.33112693027334,1015.854337591037
2024-11-02 04:03:37.876176,26.756747297702766,78.739675015412,1013.3601941411234
2024-11-02 04:03:53.886121,31.253252566588586,75.6517966714137,1015.1804619181188
2024-11-02 04:04:09.898327,24.04814613041964,65.47924497495991,1014.3015361013983
2024-11-02 04:04:25.907232,27.973534139463375,85.25060867148068,1013.96832777431
2024-11-02 04:04:41.901372,30.16025902745968,66.58840131897355,1015.8814136524388
2024-11-02 04:04:58.130092,27.41664927379595,64.20715948611974,1015.1700990415987
2024-11-02 04:05:14.110144,30.696158117615965,72.01404830330662,1013.0405573045208
2024-11-02 04:05:30.113395,23.27566602933564,67.79299849568318,1015.86999009574
2024-11-02 04:05:56.330019,24.371125357034,68.88207026300392,1013.6781590506325
2024-11-02 04:06:12.346166,28.059706301593597,80.14721042203496,1013.3851927883891
2024-11-02 04:06:28.325539,26.287807682969174,69.1154787530002,1015.6431487024672
2024-11-02 04:06:44.418065,28.541921236249916,70.45017578121343,1013.5558703817526
2024-11-02 04:07:00.424215,31.074648205183067,74.85344648406368,1013.64736749514
2024-11-02 04:07:16.422230,28.882524761639516,66.23844535494692,1014.2943525878748
2024-11-02 04:07:32.489898,25.31381923489032,72.26928292074356,1014.897745319607
2024-11-02 04:07:48.528715,24.74613183515402,83.54647122266621,1015.5780426960187
2024-11-02 04:08:04.721165,30.052949570923182,65.2833806237809,1015.5107515772266
2024-11-02 04:08:20.786701,28.190909735843068,83.58146343626588,1016.1972290331262
2024-11-02 04:08:36.804937,24.19905864935215,78.09239730176051,1015.072468427584
2024-11-02 04:08:52.777131,24.236227147324982,67.85440796659985,1013.0188551522281
2024-11-02 04:09:08.839860,25.084617300439078,82.42639137812405,1016.0848739504723
2024-11-02 04:09:24.848306,28.45462780546923,71.599994100616,1013.5686004964668
2024-11-02 04:09:40.846083,28.82419381798968,73.71421257605972,1014.9264564107586
2024-11-02 04:09:56.883730,29.365776170624713,76.99825400012634,1013.1710730301725
2024-11-02 04:10:12.918808,26.692213728587813,72.29312748369789,1013.0829476365305
2024-11-02 04:10:28.915770,31.579254892964883,85.96056135452751,1014.3104928165877
2024-11-02 04:10:44.993549,30.54588488101942,82.74091166339937,1014.5205028743547
2024-11-02 04:11:00.987909,29.26934954734834,65.79324902968656,1016.2632724191071
2024-11-02 04:11:17.186529,29.96366223235512,66.02148039430202,1015.5211441966902
2024-11-02 04:11:33.218715,30.35637799487141,74.41079279099989,1016.0308727500444
2024-11-02 04:11:49.201878,28.9716730822986,74.34557408039984,1013.7940352043155
2024-11-02 04:12:05.182848,24.66556143541696,84.98560439134913,1013.4081469739675
2024-11-02 04:12:21.199673,24.100552390707836,76.0384875611988,1013.8986857731154
2024-11-02 04:12:37.205674,28.85050167947331,85.75034940147556,1015.3040859518113
2024-11-02 04:12:53.238688,23.389344519701922,85.01250147609008,1015.1530463686254
2024-11-02 04:13:09.287044,24.948514389109906,69.08122800534088,1013.165599665317
2024-11-02 04:13:25.324335,24.803759486319766,75.12909801549172,1016.268344906729
2024-11-02 04:13:41.326764,29.335250304346673,85.66899556916677,1016.6219048648001
2024-11-02 04:13:57.327555,27.532823834324198,79.72690549097895,1014.9571730867549
2024-11-02 04:14:13.306579,29.367881902008794,84.59618061237208,1015.9079413073619
2024-11-02 04:14:29.508450,29.598824250286413,82.54251933215244,1014.3013358868502
2024-11-02 04:14:45.559646,25.9929429210238,75.79989231397562,1016.6107979951389
2024-11-02 04:15:01.561652,31.138619993704662,73.45074332543284,1014.3561505662577
2024-11-02 04:15:17.567424,24.817160469008392,73.11447610888142,1014.2189933071079
2024-11-02 04:15:33.585422,24.93407091990183,69.84583391545026,1013.7742973061735
2024-11-02 04:15:49.581486,28.4934941008084,84.89496523851544,1013.0854818042213
2024-11-02 04:16:05.605139,30.075643908641815,77.0678048194328,1013.8236208688172
2024-11-02 04:16:21.676365,26.095748105600098,71.82662657050689,1013.3688233659865
2024-11-02 04:16:37.662287,24.70293112288164,81.08418165619102,1015.1547041268872
2024-11-02 04:16:53.644182,23.370469939781152,85.92381286460451,1014.8737718217828
2024-11-02 04:17:09.722532,25.943829990250386,81.75437460017585,1013.2023141288165
2024-11-02 04:17:25.720137,31.274717187906496,68.55295908969279,1015.7797362352852
2024-11-02 04:17:41.941513,29.508489424702766,81.41820721420426,1014.3690254177114
2024-11-02 04:17:57.965945,26.462273698046147,81.39989748648635,1015.0186424927069
2024-11-02 04:18:13.967182,24.7596295796732,84.63201776677525,1016.0325490498102
2024-11-02 04:18:29.961289,26.07765776849488,64.31869380298684,1014.7883671650584
2024-11-02 04:18:45.972230,27.17363806239486,72.30951014358368,1013.7254218710502
2024-11-02 04:19:02.021010,27.92235065135289,72.70430669269558,1014.3714931538258
